,Unnamed: 0,id,Gender,Customer Type,Age,Type of Travel,Class,Flight Distance,Inflight wifi service,Departure/Arrival time convenient,Ease of Online booking,Gate location,Food and drink,Online boarding,Seat comfort,Inflight entertainment,On-board service,Leg room service,Baggage handling,Checkin service,Inflight service,Cleanliness,Departure Delay in Minutes,Arrival Delay in Minutes,satisfaction
0,19365,7485,Male,Loyal Customer,52,Business travel,Business,925,5,5,5,5,3,4,4,5,5,5,5,4,5,3,0,0.0,satisfied
1,24819,635,Male,disloyal Customer,55,Business travel,Business,158,5,5,5,3,3,5,3,3,4,5,5,4,5,3,1,0.0,satisfied
2,21187,23302,Male,Loyal Customer,52,Business travel,Business,2053,4,4,4,4,2,1,5,4,4,4,4,4,4,2,28,20.0,satisfied
3,5771,55996,Male,disloyal Customer,22,Business travel,Eco,2586,4,4,4,1,4,5,5,3,5,5,4,5,3,5,177,225.0,satisfied
4,8828,15836,Male,Loyal Customer,16,Personal Travel,Eco,1148,1,5,1,1,5,1,5,5,3,4,5,4,5,5,0,0.0,neutral or dissatisfied
5,4898,23914,Female,disloyal Customer,43,Business travel,Eco,189,4,3,5,3,1,5,1,1,3,5,3,3,4,1,12,20.0,neutral or dissatisfied
6,24121,51989,Male,Loyal Customer,35,Personal Travel,Eco Plus,347,3,4,2,3,1,2,1,1,3,3,2,2,5,1,0,0.0,neutral or dissatisfied
7,4404,5448,Male,Loyal Customer,24,Business travel,Business,1809,3,3,3,3,3,3,3,3,1,3,4,2,3,3,0,0.0,neutral or dissatisfied
8,14012,99181,Female,Loyal Customer,37,Business travel,Business,462,2,5,5,5,2,4,3,2,2,2,2,4,2,4,10,7.0,neutral or dissatisfied
9,24874,47968,Male,Loyal Customer,35,Personal Travel,Eco,462,1,4,1,3,5,1,5,5,4,5,3,2,5,5,0,0.0,neutral or dissatisfied
10,8,27508,Male,Loyal Customer,47,Business travel,Eco,556,5,2,2,2,5,5,5,5,2,2,5,3,3,5,1,0.0,satisfied
11,25447,119344,Male,Loyal Customer,56,Business travel,Business,214,3,1,3,3,2,5,5,4,4,4,4,5,4,4,0,55.0,satisfied
12,21560,74022,Female,disloyal Customer,16,Business travel,Eco,1333,5,5,5,1,3,5,3,3,3,4,4,3,5,3,0,0.0,satisfied
13,24363,122904,Female,Loyal Customer,53,Business travel,Business,2721,3,5,5,5,4,4,3,3,3,3,3,3,3,3,0,0.0,neutral or dissatisfied
14,10913,106042,Male,Loyal Customer,31,Business travel,Business,1862,4,4,4,4,4,4,4,4,3,4,4,4,5,4,10,9.0,satisfied
15,4550,45931,Female,Loyal Customer,16,Personal Travel,Eco,809,2,4,2,3,4,2,4,4,4,1,4,1,4,4,0,0.0,neutral or dissatisfied
16,5080,37465,Female,Loyal Customer,39,Business travel,Business,1076,2,2,2,2,3,3,2,4,4,4,4,5,4,2,0,0.0,satisfied
17,8084,88618,Male,Loyal Customer,47,Personal Travel,Eco,404,1,1,1,1,4,1,4,4,4,3,2,2,2,4,0,0.0,neutral or dissatisfied
18,1161,93139,Female,Loyal Customer,29,Business travel,Business,1791,3,3,3,3,5,5,5,5,5,4,5,5,4,5,9,0.0,satisfied
19,6204,66814,Female,Loyal Customer,29,Business travel,Business,731,2,2,2,2,4,4,4,4,5,3,5,4,5,4,0,0.0,satisfied
20,19936,45490,Female,Loyal Customer,70,Personal Travel,Eco,522,4,3,5,1,3,1,2,2,2,5,2,4,2,4,0,0.0,neutral or dissatisfied
21,14319,126170,Female,Loyal Customer,25,Business travel,Business,3866,1,3,3,3,1,1,1,1,1,2,3,2,3,1,0,1.0,neutral or dissatisfied
22,5232,66235,Male,Loyal Customer,36,Business travel,Business,2836,3,3,3,3,2,5,3,5,5,5,5,4,5,4,1,6.0,satisfied
23,5442,104221,Male,disloyal Customer,37,Business travel,Eco,680,4,3,3,3,5,3,5,5,2,1,3,1,4,5,0,0.0,neutral or dissatisfied
24,11581,81953,Female,Loyal Customer,57,Business travel,Business,1532,1,1,1,1,5,5,5,5,5,5,5,5,5,3,0,0.0,satisfied
25,16089,76357,Female,Loyal Customer,32,Personal Travel,Eco,1851,3,1,3,2,4,3,4,4,4,5,3,4,2,4,1,0.0,neutral or dissatisfied
26,18792,51859,Male,Loyal Customer,37,Business travel,Eco Plus,438,2,5,4,5,2,2,2,2,4,2,4,2,4,2,0,0.0,neutral or dissatisfied
27,15834,19089,Male,Loyal Customer,31,Business travel,Eco,296,0,0,0,2,5,0,5,5,3,1,1,3,2,5,0,0.0,satisfied
28,15419,63574,Male,Loyal Customer,16,Personal Travel,Eco Plus,1737,3,3,3,4,1,3,1,1,4,2,4,2,3,1,0,0.0,neutral or dissatisfied
29,8818,42815,Female,Loyal Customer,27,Personal Travel,Eco,896,2,5,1,5,1,1,1,1,4,3,4,4,4,1,0,0.0,neutral or dissatisfied
30,17531,112518,Male,Loyal Customer,12,Personal Travel,Eco,967,2,4,1,2,1,3,1,4,3,5,4,1,4,1,131,134.0,neutral or dissatisfied
31,14261,31872,Male,Loyal Customer,46,Business travel,Business,4983,1,1,1,1,4,4,4,1,3,5,5,4,3,4,0,0.0,satisfied
32,24696,26789,Male,disloyal Customer,22,Business travel,Eco,226,4,0,4,1,3,4,3,3,2,5,4,3,5,3,0,0.0,satisfied
33,416,15197,Male,disloyal Customer,19,Business travel,Eco,461,3,3,3,4,3,5,4,4,5,4,4,4,4,4,141,121.0,neutral or dissatisfied
34,9422,5646,Male,Loyal Customer,57,Personal Travel,Business,147,3,5,3,5,4,5,4,2,2,3,2,2,2,1,14,7.0,neutral or dissatisfied
35,8875,116080,Female,Loyal Customer,33,Personal Travel,Eco,296,1,4,1,3,5,1,5,5,3,4,4,3,5,5,20,19.0,neutral or dissatisfied
36,17088,45035,Female,Loyal Customer,35,Business travel,Business,837,1,3,3,3,1,4,4,1,1,1,1,3,1,3,32,47.0,neutral or dissatisfied
37,13412,119761,Female,Loyal Customer,50,Personal Travel,Eco Plus,1303,1,4,2,2,2,3,5,4,4,2,3,4,4,3,10,0.0,neutral or dissatisfied
38,5363,75690,Male,Loyal Customer,54,Business travel,Business,2409,1,1,1,1,2,5,5,5,5,5,5,5,5,5,0,0.0,satisfied
39,2984,122486,Male,Loyal Customer,19,Personal Travel,Eco,808,2,3,2,5,2,2,2,2,2,4,3,4,3,2,0,0.0,neutral or dissatisfied
40,3113,66158,Female,Loyal Customer,27,Business travel,Business,550,1,1,3,1,3,3,3,3,4,2,4,5,4,3,0,0.0,satisfied
41,4020,47362,Male,Loyal Customer,59,Business travel,Eco,599,3,2,2,2,3,3,3,3,1,4,3,4,3,3,0,0.0,neutral or dissatisfied
42,7754,114325,Male,Loyal Customer,58,Personal Travel,Eco,948,4,2,4,4,2,4,2,2,4,2,2,1,3,2,0,0.0,neutral or dissatisfied
43,12304,38503,Male,Loyal Customer,32,Business travel,Business,2586,5,5,5,5,4,4,4,4,4,4,4,5,1,4,0,0.0,satisfied
44,21077,43611,Female,Loyal Customer,60,Business travel,Business,190,2,2,2,2,2,4,1,5,5,5,3,2,5,4,0,0.0,satisfied
45,12476,9462,Male,Loyal Customer,68,Personal Travel,Eco,362,2,4,2,3,1,2,1,1,3,4,5,3,4,1,24,30.0,neutral or dissatisfied
46,796,51948,Male,disloyal Customer,30,Business travel,Business,347,3,3,3,3,4,3,4,4,4,1,3,1,3,4,0,0.0,neutral or dissatisfied
47,19768,76301,Female,Loyal Customer,24,Business travel,Business,2182,2,2,2,2,3,4,3,3,5,5,4,3,4,3,2,0.0,satisfied
48,6099,14299,Female,Loyal Customer,42,Business travel,Business,3923,1,1,1,1,4,3,3,2,2,2,2,3,2,1,0,1.0,satisfied
49,11352,36834,Male,Loyal Customer,57,Business travel,Business,2640,3,1,4,4,3,3,3,3,3,3,3,4,3,3,0,14.0,neutral or dissatisfied
50,18327,120154,Female,disloyal Customer,17,Business travel,Eco,1091,5,5,5,2,5,3,3,5,2,5,4,3,3,3,0,7.0,satisfied
51,11386,70007,Male,Loyal Customer,33,Personal Travel,Eco,236,1,4,1,1,3,1,3,3,5,3,4,4,5,3,0,11.0,neutral or dissatisfied
52,18262,5461,Male,Loyal Customer,47,Personal Travel,Eco,265,2,3,2,3,2,2,2,2,1,2,3,4,2,2,0,0.0,neutral or dissatisfied
53,20067,22536,Male,Loyal Customer,28,Personal Travel,Eco Plus,143,3,5,3,2,2,3,2,2,4,2,5,3,1,2,46,36.0,neutral or dissatisfied
54,6628,77799,Female,Loyal Customer,52,Personal Travel,Eco,731,1,5,1,2,4,3,4,4,4,1,4,2,4,2,0,0.0,neutral or dissatisfied
55,7789,51575,Female,Loyal Customer,39,Business travel,Eco,370,4,2,2,2,4,4,4,4,2,3,3,4,3,4,15,12.0,neutral or dissatisfied
56,6394,21184,Female,Loyal Customer,27,Business travel,Business,2134,4,4,4,4,5,5,5,5,5,2,5,4,2,5,51,40.0,satisfied
57,24832,121669,Female,Loyal Customer,25,Business travel,Business,1872,2,2,2,2,4,4,4,4,5,4,3,5,1,4,0,0.0,satisfied
58,16142,42039,Female,Loyal Customer,19,Business travel,Business,106,1,1,1,1,5,5,4,5,4,2,5,4,2,5,0,3.0,satisfied
59,18228,109238,Male,Loyal Customer,19,Personal Travel,Eco,616,1,1,1,3,1,1,1,1,4,5,3,1,3,1,0,0.0,neutral or dissatisfied
60,15922,108833,Male,Loyal Customer,36,Business travel,Business,1199,2,5,5,5,4,4,4,2,2,2,2,2,2,1,0,0.0,neutral or dissatisfied
61,14389,56838,Female,disloyal Customer,41,Business travel,Eco Plus,1605,2,2,2,3,1,2,1,1,3,5,3,3,3,1,26,18.0,neutral or dissatisfied
62,13369,65597,Male,Loyal Customer,37,Business travel,Business,3581,3,3,3,3,3,3,4,3,3,3,3,2,3,3,10,19.0,neutral or dissatisfied
63,4035,60554,Female,Loyal Customer,60,Business travel,Eco Plus,641,3,5,5,5,3,3,3,3,2,4,3,3,4,3,132,121.0,neutral or dissatisfied
64,20809,92985,Male,Loyal Customer,31,Business travel,Business,2576,5,5,3,5,4,4,4,5,3,4,5,4,4,4,233,229.0,satisfied
65,16576,110570,Female,Loyal Customer,51,Business travel,Business,488,2,2,2,2,2,5,4,5,5,5,5,3,5,5,27,28.0,satisfied
66,3483,20779,Male,disloyal Customer,34,Business travel,Eco,515,2,4,2,2,1,2,1,1,3,4,3,4,3,1,0,0.0,neutral or dissatisfied
67,2663,10884,Female,Loyal Customer,36,Business travel,Business,2700,2,2,4,2,2,3,4,2,2,2,2,2,2,2,2,0.0,neutral or dissatisfied
68,2805,92566,Male,Loyal Customer,29,Business travel,Business,2139,5,5,5,5,4,4,4,4,3,5,3,4,4,4,0,0.0,satisfied
69,9525,109966,Female,Loyal Customer,22,Personal Travel,Eco,1011,2,2,3,4,1,3,5,1,4,3,4,3,4,1,3,0.0,neutral or dissatisfied
70,4580,120101,Male,Loyal Customer,39,Business travel,Business,1576,4,4,4,4,2,4,5,5,5,5,5,3,5,5,0,,satisfied
71,15241,102358,Male,Loyal Customer,46,Business travel,Business,223,0,4,0,3,4,4,4,1,1,1,1,3,1,4,4,0.0,satisfied
72,1114,128930,Male,Loyal Customer,51,Business travel,Business,2241,3,3,3,3,4,4,5,4,4,4,4,3,4,5,0,0.0,satisfied
73,17261,108230,Female,Loyal Customer,43,Business travel,Business,3328,2,2,2,2,4,4,5,4,4,4,4,5,4,3,0,6.0,satisfied
74,24313,127567,Female,disloyal Customer,42,Business travel,Eco,1082,4,4,4,3,1,4,1,1,4,5,3,2,4,1,0,0.0,neutral or dissatisfied
75,12144,64905,Male,Loyal Customer,33,Business travel,Business,2566,4,4,5,5,4,4,4,4,1,4,3,1,4,4,0,0.0,neutral or dissatisfied
76,4405,94369,Female,Loyal Customer,39,Business travel,Business,3609,1,1,1,1,2,4,5,5,5,5,5,4,5,4,0,1.0,satisfied
77,74,41440,Female,disloyal Customer,26,Business travel,Eco Plus,913,1,2,2,2,4,2,3,4,3,2,1,1,4,4,0,0.0,neutral or dissatisfied
78,25831,124022,Male,Loyal Customer,25,Personal Travel,Eco,184,1,3,1,4,3,1,3,3,1,3,3,4,4,3,0,0.0,neutral or dissatisfied
79,23317,15043,Male,disloyal Customer,24,Business travel,Eco,576,4,2,4,3,3,4,3,3,2,4,4,2,3,3,54,52.0,neutral or dissatisfied
80,14423,46137,Male,Loyal Customer,52,Business travel,Eco,604,4,5,5,5,4,4,4,4,1,2,4,4,5,4,0,0.0,satisfied
81,11480,99366,Male,Loyal Customer,36,Personal Travel,Eco,409,2,2,2,3,3,2,3,3,4,3,3,2,4,3,0,0.0,neutral or dissatisfied
82,23709,86298,Female,Loyal Customer,66,Personal Travel,Eco,356,4,5,3,4,2,1,3,1,1,3,1,3,1,4,6,0.0,neutral or dissatisfied
83,175,97762,Male,Loyal Customer,19,Personal Travel,Eco,587,3,4,3,5,1,3,1,1,5,3,5,4,4,1,0,0.0,neutral or dissatisfied
84,23060,100684,Female,Loyal Customer,23,Business travel,Eco,889,3,3,3,3,3,3,2,3,3,4,4,1,3,3,12,15.0,neutral or dissatisfied
85,8316,101098,Female,Loyal Customer,36,Business travel,Business,758,2,2,1,2,5,4,5,2,2,2,2,3,2,3,0,0.0,satisfied
86,24421,78353,Male,Loyal Customer,46,Business travel,Business,1547,3,3,3,3,3,5,5,3,3,3,3,3,3,5,1,0.0,satisfied
87,6863,24947,Female,Loyal Customer,27,Business travel,Business,1747,5,5,5,5,5,4,5,5,5,2,3,1,5,5,14,0.0,satisfied
88,11371,86510,Male,Loyal Customer,21,Personal Travel,Eco,762,3,2,3,3,4,3,4,4,2,1,4,3,3,4,22,23.0,neutral or dissatisfied
89,4568,70384,Female,Loyal Customer,39,Business travel,Business,1562,4,4,4,4,4,4,4,4,4,5,4,3,4,3,0,19.0,satisfied
90,5276,109302,Male,Loyal Customer,27,Business travel,Business,1136,3,2,3,3,5,5,5,5,3,4,4,5,4,5,0,0.0,satisfied
91,1972,49734,Female,Loyal Customer,65,Business travel,Eco,308,2,4,4,4,5,4,3,1,1,2,1,1,1,3,0,0.0,neutral or dissatisfied
92,25827,114871,Male,disloyal Customer,36,Business travel,Business,337,4,4,4,3,2,4,4,2,5,5,4,4,5,2,34,27.0,neutral or dissatisfied
93,18777,42077,Female,Loyal Customer,33,Business travel,Eco Plus,116,5,3,3,3,5,5,5,5,3,2,3,4,3,5,0,0.0,satisfied
94,9389,85178,Female,Loyal Customer,39,Business travel,Business,2523,5,4,5,5,3,4,4,5,5,5,5,4,5,4,0,2.0,satisfied
95,3890,28193,Female,Loyal Customer,7,Personal Travel,Eco,834,3,3,3,1,1,3,1,1,4,3,2,1,1,1,0,0.0,neutral or dissatisfied
96,2353,66140,Male,Loyal Customer,68,Personal Travel,Eco,583,3,4,3,4,3,3,3,3,4,4,5,3,4,3,144,149.0,neutral or dissatisfied
97,9412,100643,Female,Loyal Customer,25,Personal Travel,Eco,349,3,5,1,5,3,1,3,3,5,4,2,4,1,3,0,25.0,neutral or dissatisfied
98,1032,61313,Female,Loyal Customer,59,Business travel,Business,1605,2,2,4,2,5,5,4,5,5,5,5,5,5,3,3,0.0,satisfied
99,7797,45924,Male,disloyal Customer,36,Business travel,Eco,513,2,0,2,5,2,2,2,2,4,1,3,5,1,2,0,0.0,neutral or dissatisfied
100,13196,36973,Female,Loyal Customer,34,Business travel,Eco,667,3,4,4,4,3,3,3,3,3,2,4,1,3,3,19,14.0,neutral or dissatisfied
101,18593,110691,Female,Loyal Customer,22,Personal Travel,Eco,829,2,4,3,2,5,3,5,5,5,3,4,3,5,5,61,51.0,neutral or dissatisfied
102,17800,92296,Female,Loyal Customer,37,Personal Travel,Eco,1814,3,5,3,1,3,3,3,3,4,4,3,4,5,3,0,0.0,neutral or dissatisfied
103,25236,11020,Male,Loyal Customer,41,Business travel,Eco,140,4,2,2,2,4,4,4,4,4,2,4,3,5,4,0,0.0,satisfied
104,16459,76398,Male,Loyal Customer,32,Personal Travel,Eco,931,2,5,2,3,1,2,5,1,5,3,4,4,5,1,6,0.0,neutral or dissatisfied
105,7635,48943,Female,Loyal Customer,38,Business travel,Business,2290,5,5,5,5,1,5,3,5,5,5,5,4,5,5,0,0.0,satisfied
106,17535,92931,Female,disloyal Customer,42,Business travel,Eco,134,2,0,2,4,4,2,4,4,1,4,1,3,3,4,0,0.0,neutral or dissatisfied
107,10005,87262,Female,Loyal Customer,35,Business travel,Eco,577,3,3,3,3,3,3,3,3,2,2,3,4,4,3,26,12.0,neutral or dissatisfied
108,15718,35624,Male,Loyal Customer,63,Personal Travel,Eco Plus,1035,3,1,3,4,2,3,2,2,1,4,4,1,3,2,0,65.0,neutral or dissatisfied
109,24800,115061,Male,disloyal Customer,36,Business travel,Business,447,2,2,2,5,5,2,5,5,3,2,5,4,4,5,8,1.0,neutral or dissatisfied
110,20724,69882,Female,Loyal Customer,42,Business travel,Business,2248,5,5,5,5,5,5,4,5,5,5,5,5,5,4,0,0.0,satisfied
111,6820,50219,Male,Loyal Customer,53,Business travel,Eco,78,3,2,2,2,3,3,3,3,2,3,4,4,4,3,0,0.0,neutral or dissatisfied
112,7483,27747,Male,Loyal Customer,34,Business travel,Business,1448,1,1,1,1,5,4,4,4,4,4,4,3,4,2,17,0.0,satisfied
113,14061,128325,Female,disloyal Customer,32,Business travel,Business,338,2,2,2,4,4,2,4,4,4,4,4,5,4,4,0,0.0,neutral or dissatisfied
114,25819,58570,Female,Loyal Customer,47,Personal Travel,Business,403,1,5,1,2,4,5,4,3,3,1,4,5,3,4,12,1.0,neutral or dissatisfied
115,15794,92183,Female,Loyal Customer,56,Business travel,Business,1979,1,1,1,1,5,3,5,5,5,5,5,3,5,3,0,15.0,satisfied
116,563,44102,Male,Loyal Customer,46,Business travel,Business,473,1,1,1,1,4,1,4,5,5,5,5,5,5,3,0,0.0,satisfied
117,17534,92743,Female,Loyal Customer,54,Personal Travel,Eco,1276,2,4,1,1,2,3,5,3,3,1,3,4,3,5,0,0.0,neutral or dissatisfied
118,3256,95589,Female,Loyal Customer,34,Business travel,Business,822,2,2,2,2,5,5,5,5,5,5,5,5,5,5,6,0.0,satisfied
119,2842,109608,Female,Loyal Customer,46,Business travel,Business,973,4,5,3,5,2,3,4,4,4,3,4,1,4,2,23,27.0,neutral or dissatisfied
120,5621,102049,Female,Loyal Customer,44,Business travel,Business,2600,1,4,4,4,1,4,4,3,3,3,1,1,3,2,8,11.0,neutral or dissatisfied
121,11329,74163,Male,Loyal Customer,46,Personal Travel,Eco,641,4,4,4,3,1,4,1,1,3,5,5,5,5,1,0,0.0,satisfied
122,24264,117095,Male,disloyal Customer,34,Business travel,Eco,369,3,0,4,2,3,4,3,3,3,4,3,1,3,3,0,0.0,neutral or dissatisfied
123,10426,28683,Female,Loyal Customer,48,Personal Travel,Eco,2777,4,3,4,4,4,4,3,3,3,4,3,3,3,2,0,0.0,satisfied
124,2963,104552,Male,Loyal Customer,39,Business travel,Business,3322,3,4,4,4,1,4,3,3,3,3,3,4,3,2,40,40.0,neutral or dissatisfied
125,16679,80931,Female,Loyal Customer,22,Personal Travel,Eco,341,2,5,2,3,1,2,1,1,4,3,5,4,4,1,0,5.0,neutral or dissatisfied
126,4613,14201,Male,Loyal Customer,27,Business travel,Eco,620,0,0,0,1,2,5,1,2,2,2,2,1,2,2,0,1.0,satisfied
127,8955,123037,Female,disloyal Customer,43,Business travel,Business,650,4,4,4,1,5,4,5,5,5,3,4,3,4,5,0,0.0,neutral or dissatisfied
128,1438,84682,Female,disloyal Customer,59,Business travel,Eco,682,3,3,3,1,2,3,2,2,3,5,1,1,2,2,0,4.0,neutral or dissatisfied
129,9886,70696,Male,Loyal Customer,51,Business travel,Eco Plus,447,3,2,5,2,3,3,3,3,4,1,2,5,3,3,0,1.0,satisfied
130,11889,24198,Male,Loyal Customer,53,Business travel,Eco,147,3,4,4,4,3,3,3,3,4,5,3,3,4,3,0,13.0,neutral or dissatisfied
131,1113,105253,Male,Loyal Customer,43,Business travel,Business,2106,1,1,1,1,3,5,5,4,4,4,4,5,4,4,5,0.0,satisfied
132,15770,111365,Female,Loyal Customer,44,Business travel,Business,1050,3,3,3,3,3,4,5,5,5,5,5,5,5,3,21,55.0,satisfied
133,11150,19817,Male,Loyal Customer,30,Business travel,Business,3236,5,4,5,4,5,4,5,5,3,5,3,4,3,5,23,17.0,neutral or dissatisfied
134,18223,118394,Male,Loyal Customer,52,Business travel,Business,2287,2,5,5,5,1,2,2,2,2,2,2,3,2,4,0,0.0,neutral or dissatisfied
135,6786,120719,Female,Loyal Customer,55,Business travel,Business,90,3,3,3,3,4,4,5,5,5,5,5,3,5,5,0,0.0,satisfied
136,801,127821,Male,Loyal Customer,60,Personal Travel,Eco,1262,1,4,1,1,5,1,5,5,3,3,4,4,4,5,0,0.0,neutral or dissatisfied
137,15079,89347,Female,disloyal Customer,60,Business travel,Eco,1587,1,1,1,3,2,1,2,2,3,3,3,2,3,2,0,11.0,neutral or dissatisfied
138,11366,84699,Female,Loyal Customer,51,Business travel,Business,547,4,4,4,4,2,4,5,4,4,4,4,3,4,5,0,0.0,satisfied
139,5408,121476,Male,Loyal Customer,48,Personal Travel,Eco,331,3,4,3,1,1,3,1,1,5,5,1,4,2,1,0,0.0,neutral or dissatisfied
140,3337,58928,Male,Loyal Customer,16,Personal Travel,Eco,888,4,4,4,4,2,4,4,2,5,5,4,5,4,2,0,0.0,satisfied
141,20390,70321,Male,Loyal Customer,20,Personal Travel,Eco,1501,5,4,5,5,4,5,4,4,3,5,5,1,4,4,0,0.0,satisfied
142,22919,74006,Female,Loyal Customer,8,Personal Travel,Eco,1972,3,3,4,3,4,4,4,4,3,5,4,3,3,4,0,7.0,neutral or dissatisfied
143,12832,83815,Male,Loyal Customer,46,Business travel,Business,425,4,4,4,4,2,4,5,5,5,5,5,5,5,4,0,0.0,satisfied
144,6815,126784,Male,disloyal Customer,27,Business travel,Business,2125,2,2,2,4,3,2,5,3,5,2,5,3,5,3,0,0.0,neutral or dissatisfied
145,20083,77356,Male,disloyal Customer,25,Business travel,Business,626,3,4,2,5,2,2,2,2,3,5,4,4,5,2,0,0.0,neutral or dissatisfied
146,19062,97477,Male,Loyal Customer,53,Business travel,Business,756,3,3,3,3,4,4,5,4,4,4,4,5,4,3,18,4.0,satisfied
147,24500,6243,Female,Loyal Customer,46,Business travel,Business,3509,4,4,4,4,3,3,3,4,4,4,4,1,4,5,0,0.0,satisfied
148,3925,114332,Female,Loyal Customer,69,Personal Travel,Eco,862,4,4,4,2,2,4,4,4,4,4,4,5,4,5,8,9.0,neutral or dissatisfied
149,17265,6975,Female,Loyal Customer,32,Business travel,Business,436,5,5,5,5,4,4,4,4,5,5,4,4,4,4,17,10.0,satisfied
150,2381,14352,Male,Loyal Customer,16,Personal Travel,Eco,429,3,5,3,3,1,3,1,1,2,5,2,5,4,1,0,0.0,neutral or dissatisfied
151,23225,64687,Female,Loyal Customer,49,Business travel,Business,224,3,3,3,3,4,5,5,5,5,5,5,4,5,3,46,34.0,satisfied
152,7404,84440,Female,Loyal Customer,47,Business travel,Business,1574,5,5,5,5,4,4,5,5,5,5,5,4,5,5,0,0.0,satisfied
153,24735,89887,Female,disloyal Customer,45,Business travel,Business,1416,4,4,4,4,3,4,3,3,5,5,5,4,5,3,0,0.0,satisfied
154,8311,124125,Female,Loyal Customer,51,Business travel,Business,2145,1,1,1,1,3,4,3,5,5,5,3,1,5,2,10,1.0,satisfied
155,15988,101561,Female,disloyal Customer,37,Business travel,Eco Plus,345,2,2,2,3,3,2,3,3,3,3,4,3,4,3,44,36.0,neutral or dissatisfied
156,15898,64346,Male,Loyal Customer,23,Business travel,Business,1172,4,4,4,4,4,5,4,4,3,2,5,5,4,4,0,0.0,satisfied
157,12433,126391,Male,Loyal Customer,70,Personal Travel,Eco,590,2,4,2,5,5,2,5,5,5,2,4,3,4,5,0,0.0,neutral or dissatisfied
158,4159,65357,Male,Loyal Customer,47,Business travel,Business,3250,3,2,3,3,2,5,4,3,3,4,3,4,3,3,18,8.0,satisfied
159,4435,49178,Male,Loyal Customer,58,Business travel,Eco,304,3,3,3,3,3,3,3,3,3,2,4,4,4,3,0,0.0,satisfied
160,1900,85830,Male,Loyal Customer,67,Personal Travel,Eco,666,4,3,3,2,5,3,4,5,2,5,4,5,1,5,14,13.0,neutral or dissatisfied
161,2542,36097,Male,Loyal Customer,63,Personal Travel,Eco,399,2,4,2,4,5,2,1,5,5,2,5,4,5,5,0,0.0,neutral or dissatisfied
162,15047,109935,Male,Loyal Customer,69,Personal Travel,Eco,1052,1,4,1,4,5,1,2,5,3,4,5,3,4,5,70,58.0,neutral or dissatisfied
163,15877,28327,Female,Loyal Customer,28,Business travel,Business,2675,3,3,3,3,4,4,4,4,5,3,2,4,4,4,0,0.0,satisfied
164,24772,28524,Female,disloyal Customer,26,Business travel,Eco,2701,2,2,2,1,4,2,4,4,3,1,5,1,5,4,0,0.0,neutral or dissatisfied
165,13241,31106,Male,Loyal Customer,52,Business travel,Eco,483,4,4,4,4,4,4,4,4,5,4,2,3,4,4,36,36.0,satisfied
166,11242,5086,Female,Loyal Customer,63,Business travel,Business,3145,1,1,1,1,1,5,4,4,4,4,4,3,4,3,0,1.0,satisfied
167,22028,4231,Male,Loyal Customer,28,Business travel,Business,2072,5,5,5,5,5,5,5,5,3,4,4,5,5,5,60,121.0,satisfied
168,19631,94941,Female,Loyal Customer,40,Business travel,Business,3317,4,4,4,4,3,3,3,4,4,4,4,3,4,2,0,0.0,satisfied
169,3948,110657,Male,Loyal Customer,52,Business travel,Business,3000,2,2,2,2,5,5,4,4,4,4,4,4,4,3,4,0.0,satisfied
170,14832,125046,Female,Loyal Customer,52,Personal Travel,Eco,2300,0,4,0,2,4,3,5,5,5,0,5,3,5,5,0,0.0,satisfied
171,10638,20250,Female,disloyal Customer,26,Business travel,Eco,346,5,0,5,2,2,5,4,2,5,3,3,4,1,2,0,0.0,satisfied
172,9958,69499,Female,Loyal Customer,42,Personal Travel,Eco Plus,1096,3,2,3,2,1,1,2,3,3,3,3,1,3,1,0,2.0,neutral or dissatisfied
173,5404,95791,Male,Loyal Customer,55,Business travel,Business,3769,5,5,5,5,3,4,5,4,4,4,5,5,4,4,15,14.0,satisfied
174,6683,15986,Male,disloyal Customer,38,Business travel,Eco,780,2,2,2,4,3,2,3,3,1,1,5,4,1,3,0,10.0,neutral or dissatisfied
175,8286,80416,Male,Loyal Customer,43,Business travel,Business,2248,1,1,1,1,3,4,5,4,4,4,4,3,4,5,0,0.0,satisfied
176,24079,96537,Male,Loyal Customer,15,Personal Travel,Eco,302,2,4,2,3,2,2,2,2,5,5,4,5,4,2,1,5.0,neutral or dissatisfied
177,22793,111409,Male,disloyal Customer,15,Business travel,Business,1111,0,0,0,5,5,0,4,5,4,5,5,4,4,5,0,2.0,satisfied
178,6431,120195,Female,disloyal Customer,25,Business travel,Business,1325,4,0,4,2,2,4,2,2,4,5,5,5,4,2,5,0.0,satisfied
179,19634,22888,Female,Loyal Customer,37,Personal Travel,Eco,170,3,1,3,3,4,3,4,4,2,5,4,3,3,4,0,0.0,neutral or dissatisfied
180,5702,37967,Female,Loyal Customer,39,Business travel,Business,1249,3,3,3,3,3,5,5,4,4,4,4,3,4,4,0,0.0,satisfied
181,15509,18943,Female,Loyal Customer,11,Personal Travel,Eco,551,2,3,2,1,4,2,4,4,2,4,2,2,3,4,0,0.0,neutral or dissatisfied
182,16097,40597,Female,Loyal Customer,41,Business travel,Eco,391,1,2,2,2,1,1,1,1,1,4,3,4,4,1,20,23.0,neutral or dissatisfied
183,24427,29682,Female,disloyal Customer,22,Business travel,Eco,1448,3,3,3,4,1,3,1,1,2,3,4,1,4,1,0,0.0,neutral or dissatisfied
184,13267,105610,Female,Loyal Customer,54,Personal Travel,Business,842,2,4,3,1,4,5,5,5,5,3,4,5,5,4,13,0.0,neutral or dissatisfied
185,3504,104312,Male,Loyal Customer,8,Personal Travel,Business,452,1,5,1,2,4,1,4,4,4,3,4,3,5,4,0,0.0,neutral or dissatisfied
186,21689,40057,Female,disloyal Customer,27,Business travel,Eco Plus,866,3,4,4,2,1,4,1,1,5,3,2,5,4,1,0,0.0,neutral or dissatisfied
187,596,45129,Female,disloyal Customer,39,Business travel,Business,174,3,3,3,4,5,3,5,5,1,3,3,2,3,5,0,7.0,neutral or dissatisfied
188,177,25137,Male,Loyal Customer,44,Personal Travel,Eco,1249,3,4,3,3,5,3,5,5,5,2,3,4,4,5,25,6.0,neutral or dissatisfied
189,12148,60228,Male,disloyal Customer,35,Business travel,Eco,991,3,3,3,4,1,3,1,1,2,4,3,4,4,1,0,8.0,neutral or dissatisfied
190,14724,95180,Female,Loyal Customer,41,Personal Travel,Eco,277,1,3,1,4,1,1,1,1,1,2,4,3,4,1,6,0.0,neutral or dissatisfied
191,2465,49009,Male,Loyal Customer,52,Business travel,Eco,109,4,2,2,2,4,4,4,4,5,1,1,2,1,4,0,2.0,satisfied
192,4167,28462,Male,Loyal Customer,61,Personal Travel,Eco,2588,2,4,3,5,3,3,5,3,4,2,4,3,4,3,0,0.0,neutral or dissatisfied
193,7545,88371,Male,Loyal Customer,54,Business travel,Business,3410,3,3,3,3,3,4,4,3,3,3,3,4,3,2,20,18.0,neutral or dissatisfied
194,9713,50744,Male,Loyal Customer,35,Personal Travel,Eco,109,1,1,1,3,2,1,2,2,2,4,3,3,2,2,0,0.0,neutral or dissatisfied
195,19217,56687,Male,Loyal Customer,48,Personal Travel,Eco,1023,3,5,3,1,1,3,1,1,3,5,3,5,4,1,0,0.0,neutral or dissatisfied
196,11345,84480,Female,Loyal Customer,41,Business travel,Business,2677,1,1,1,1,5,3,5,5,5,5,5,4,5,4,0,0.0,satisfied
197,14442,38218,Female,Loyal Customer,57,Personal Travel,Eco Plus,1121,4,1,4,3,4,2,2,1,1,4,1,4,1,4,0,0.0,neutral or dissatisfied
198,14441,116067,Male,Loyal Customer,61,Personal Travel,Eco,325,2,5,2,2,1,2,1,1,4,3,2,5,5,1,5,1.0,neutral or dissatisfied
199,24027,7558,Female,Loyal Customer,59,Personal Travel,Eco,606,4,5,4,2,4,5,4,3,3,4,3,4,3,3,1,0.0,neutral or dissatisfied
200,18382,6163,Male,Loyal Customer,49,Business travel,Eco,409,1,1,4,1,1,1,1,1,1,3,3,1,2,1,0,0.0,neutral or dissatisfied
201,13938,6880,Male,Loyal Customer,45,Business travel,Business,1906,5,3,5,5,2,4,4,5,5,5,5,5,5,5,101,92.0,satisfied
202,16730,60038,Male,Loyal Customer,40,Business travel,Business,3891,3,3,3,3,4,4,5,4,4,4,4,5,4,4,19,14.0,satisfied
203,5750,67023,Female,Loyal Customer,56,Business travel,Business,2148,4,4,5,4,2,5,5,3,3,4,3,5,3,5,0,0.0,satisfied
204,20247,61993,Female,Loyal Customer,49,Business travel,Business,2475,1,1,2,1,5,5,5,4,4,4,4,3,4,4,0,7.0,satisfied
205,1283,2165,Female,Loyal Customer,48,Business travel,Business,624,3,3,3,3,4,5,4,4,4,4,4,4,4,3,0,0.0,satisfied
206,21736,25750,Male,Loyal Customer,74,Business travel,Eco,356,4,3,5,3,5,4,5,5,5,5,4,4,1,5,14,0.0,satisfied
207,10136,14966,Male,Loyal Customer,43,Business travel,Business,3709,1,1,2,1,4,1,5,3,3,3,3,3,3,3,19,4.0,satisfied
208,3139,58439,Female,Loyal Customer,47,Personal Travel,Eco,723,2,1,2,3,3,4,4,3,3,2,2,1,3,4,18,0.0,neutral or dissatisfied
209,2037,109435,Female,Loyal Customer,52,Business travel,Business,1538,4,4,4,4,4,5,5,2,2,2,2,3,2,3,69,48.0,satisfied
210,23524,112960,Male,Loyal Customer,34,Personal Travel,Eco,1390,1,5,1,3,5,1,5,5,1,5,5,5,5,5,14,0.0,neutral or dissatisfied
211,8024,6366,Male,Loyal Customer,53,Business travel,Business,315,3,4,4,4,5,2,2,3,3,2,3,3,3,3,7,15.0,neutral or dissatisfied
212,21960,64124,Male,Loyal Customer,31,Personal Travel,Eco,2311,5,1,5,2,5,1,5,5,4,4,1,1,1,5,2,0.0,satisfied
213,22180,19767,Female,Loyal Customer,48,Personal Travel,Eco Plus,779,4,5,4,2,4,2,1,4,3,5,5,1,4,1,219,223.0,neutral or dissatisfied
214,1356,128925,Female,disloyal Customer,32,Business travel,Eco,414,2,1,2,3,3,2,3,3,1,2,4,4,4,3,34,23.0,neutral or dissatisfied
215,14357,57410,Female,disloyal Customer,36,Business travel,Eco,524,3,2,3,4,3,3,3,3,3,3,4,1,4,3,8,20.0,neutral or dissatisfied
216,69,31640,Female,Loyal Customer,41,Business travel,Business,967,2,2,2,2,2,3,5,4,4,4,4,5,4,5,44,40.0,satisfied
217,7631,51419,Male,Loyal Customer,59,Personal Travel,Eco Plus,262,1,3,1,4,2,1,2,2,1,3,3,3,3,2,87,104.0,neutral or dissatisfied
218,10030,47513,Male,Loyal Customer,22,Personal Travel,Eco,558,4,3,4,4,4,4,4,4,2,4,4,1,4,4,0,9.0,neutral or dissatisfied
219,1857,51042,Male,Loyal Customer,44,Personal Travel,Eco,158,4,2,4,4,1,4,1,1,2,3,3,3,4,1,0,0.0,neutral or dissatisfied
220,637,93098,Male,Loyal Customer,72,Business travel,Business,2162,3,4,5,5,3,3,4,3,3,3,3,3,3,3,22,14.0,neutral or dissatisfied
221,2882,33745,Female,Loyal Customer,36,Business travel,Eco,777,1,1,1,1,1,1,1,3,1,1,1,1,4,1,1,14.0,neutral or dissatisfied
222,15579,44963,Female,Loyal Customer,54,Personal Travel,Eco Plus,397,3,4,3,2,3,5,5,2,2,3,2,4,2,3,110,116.0,neutral or dissatisfied
223,10409,47301,Male,Loyal Customer,34,Business travel,Business,1512,4,4,4,4,4,3,3,5,5,5,5,2,5,2,0,0.0,satisfied
224,25895,29842,Female,Loyal Customer,51,Business travel,Eco,261,2,1,5,1,3,3,4,2,2,2,2,2,2,2,0,0.0,neutral or dissatisfied
225,10618,108522,Male,Loyal Customer,37,Personal Travel,Eco Plus,519,2,4,2,3,3,2,3,3,3,5,4,3,4,3,0,0.0,neutral or dissatisfied
226,2549,118104,Male,Loyal Customer,52,Business travel,Eco,499,1,3,2,2,2,1,2,2,4,2,4,4,4,2,0,0.0,neutral or dissatisfied
227,9979,69141,Female,Loyal Customer,58,Business travel,Business,2248,3,3,3,3,4,4,4,2,2,2,2,5,2,4,0,0.0,satisfied
228,8296,112700,Female,Loyal Customer,27,Business travel,Business,723,4,4,4,4,4,4,4,4,3,3,4,2,4,4,0,0.0,neutral or dissatisfied
229,23193,88614,Female,Loyal Customer,44,Personal Travel,Eco,646,2,4,2,4,3,2,2,2,2,2,2,4,2,5,11,24.0,neutral or dissatisfied
230,14437,51901,Male,disloyal Customer,43,Business travel,Eco,601,2,3,2,1,3,2,3,3,5,4,2,1,1,3,0,0.0,neutral or dissatisfied
231,21909,99234,Female,disloyal Customer,27,Business travel,Eco,541,2,2,2,4,3,2,3,3,1,2,4,2,4,3,4,6.0,neutral or dissatisfied
232,22108,123353,Female,Loyal Customer,41,Business travel,Business,3902,2,2,2,2,5,4,4,5,5,5,5,5,5,4,0,0.0,satisfied
233,24055,36283,Female,Loyal Customer,23,Personal Travel,Eco Plus,612,3,4,3,3,3,3,2,3,1,5,2,5,1,3,0,0.0,neutral or dissatisfied
234,15131,64848,Male,Loyal Customer,27,Business travel,Eco,282,2,1,1,1,2,2,2,2,4,2,2,4,3,2,112,108.0,neutral or dissatisfied
235,18171,38081,Male,Loyal Customer,46,Business travel,Eco,1121,3,1,1,1,3,3,3,3,2,5,5,1,2,3,0,0.0,satisfied
236,18732,63259,Male,Loyal Customer,43,Business travel,Business,337,3,3,3,3,4,4,5,5,5,5,5,5,5,3,94,91.0,satisfied
237,15164,12584,Female,Loyal Customer,49,Business travel,Eco,542,5,5,5,5,1,2,2,5,5,5,5,5,5,3,0,0.0,satisfied
238,8196,16890,Male,Loyal Customer,34,Business travel,Business,3444,2,5,1,5,3,4,4,2,2,2,2,3,2,4,0,0.0,neutral or dissatisfied
239,20069,13836,Male,Loyal Customer,21,Business travel,Business,1657,4,4,3,4,3,5,3,3,1,2,3,2,3,3,0,0.0,satisfied
240,5646,60590,Male,Loyal Customer,49,Personal Travel,Eco,1290,3,4,3,2,4,3,4,4,3,5,4,4,5,4,0,0.0,neutral or dissatisfied
241,3863,128855,Male,Loyal Customer,14,Personal Travel,Eco,2475,4,4,3,5,3,5,5,3,3,5,5,5,3,5,15,24.0,neutral or dissatisfied
242,2208,115911,Female,disloyal Customer,55,Business travel,Eco,308,4,4,4,4,1,4,1,1,2,5,3,4,3,1,97,94.0,neutral or dissatisfied
243,21499,38394,Male,Loyal Customer,34,Business travel,Eco Plus,1626,4,5,5,5,4,4,4,4,5,1,3,5,5,4,0,0.0,satisfied
244,12096,29234,Male,Loyal Customer,41,Business travel,Eco,873,4,5,3,5,4,4,4,4,4,2,4,4,4,4,0,0.0,satisfied
245,3372,126306,Female,Loyal Customer,21,Personal Travel,Eco,328,4,4,4,3,3,4,3,3,4,5,4,1,4,3,5,3.0,neutral or dissatisfied
246,21457,41562,Female,disloyal Customer,22,Business travel,Eco,1064,5,5,5,2,4,5,4,4,4,1,2,2,4,4,0,0.0,satisfied
247,20951,37114,Male,Loyal Customer,43,Business travel,Business,2456,1,1,1,1,1,2,5,4,4,5,4,4,4,5,37,44.0,satisfied
248,24341,3672,Male,Loyal Customer,45,Business travel,Eco,544,3,3,3,3,3,3,3,3,2,1,3,1,3,3,7,0.0,neutral or dissatisfied
249,4488,95290,Female,Loyal Customer,18,Personal Travel,Eco,192,3,4,3,1,3,3,3,3,5,3,5,3,4,3,87,86.0,neutral or dissatisfied
250,9069,86720,Male,Loyal Customer,79,Business travel,Eco,247,4,1,1,1,5,4,5,5,4,3,4,3,5,5,0,0.0,satisfied
251,14418,10202,Male,Loyal Customer,54,Business travel,Business,316,3,1,3,3,4,5,5,5,5,5,5,5,5,3,0,0.0,satisfied
252,20348,114968,Male,Loyal Customer,40,Business travel,Business,373,5,5,5,5,3,4,4,4,4,4,4,5,4,4,0,0.0,satisfied
253,14480,129234,Male,Loyal Customer,41,Business travel,Business,1504,2,2,2,2,4,5,5,5,5,5,5,5,5,3,0,0.0,satisfied
254,8473,95487,Female,Loyal Customer,49,Business travel,Business,562,3,3,3,3,5,5,5,3,3,3,3,3,3,3,0,0.0,satisfied
255,15991,122387,Male,Loyal Customer,66,Personal Travel,Eco,529,3,4,3,5,1,3,1,1,3,5,5,3,5,1,17,4.0,neutral or dissatisfied
256,14316,19468,Female,Loyal Customer,50,Business travel,Business,1806,1,1,1,1,3,4,2,5,5,5,5,5,5,5,16,19.0,satisfied
257,11431,82897,Male,Loyal Customer,64,Personal Travel,Eco,594,3,4,3,2,4,3,4,4,5,2,5,3,5,4,0,0.0,neutral or dissatisfied
258,585,62231,Female,Loyal Customer,52,Personal Travel,Eco,2454,1,1,1,4,4,3,4,4,4,1,4,2,4,4,0,0.0,neutral or dissatisfied
259,17897,2150,Male,disloyal Customer,49,Business travel,Business,685,3,3,3,3,4,3,4,4,5,3,5,3,4,4,0,0.0,neutral or dissatisfied
260,22773,47043,Male,Loyal Customer,38,Business travel,Eco,602,2,1,1,1,2,2,2,2,1,1,2,2,3,2,23,45.0,neutral or dissatisfied
261,22284,23574,Female,Loyal Customer,29,Personal Travel,Eco,1015,1,3,1,4,5,1,5,5,4,1,2,3,4,5,32,57.0,neutral or dissatisfied
262,1644,18742,Female,Loyal Customer,42,Business travel,Business,2113,2,2,2,2,1,5,2,5,5,5,5,4,5,5,11,0.0,satisfied
263,8611,31726,Female,Loyal Customer,48,Personal Travel,Eco,846,3,5,3,1,4,4,5,1,1,3,1,3,1,3,0,0.0,neutral or dissatisfied
264,3579,53606,Male,Loyal Customer,25,Business travel,Business,1874,5,5,5,5,5,5,5,5,4,3,5,2,2,5,14,43.0,satisfied
265,15029,71058,Female,Loyal Customer,44,Personal Travel,Eco,802,4,3,4,3,5,2,3,2,2,4,2,1,2,4,103,108.0,satisfied
266,4052,79303,Female,Loyal Customer,24,Business travel,Business,2248,2,2,2,2,2,2,2,2,5,2,3,5,4,2,0,0.0,satisfied
267,10144,126516,Female,Loyal Customer,45,Business travel,Eco,313,3,3,3,3,4,4,3,3,3,3,3,4,3,2,0,0.0,neutral or dissatisfied
268,12921,101222,Male,Loyal Customer,47,Business travel,Business,1069,5,5,5,5,3,4,5,4,4,4,4,4,4,5,0,0.0,satisfied
269,3436,73527,Male,disloyal Customer,51,Business travel,Eco,594,4,1,4,4,5,4,5,5,1,3,3,3,3,5,0,26.0,neutral or dissatisfied
270,4592,7032,Female,Loyal Customer,8,Personal Travel,Eco,299,1,4,1,1,3,1,4,3,4,4,4,5,4,3,4,6.0,neutral or dissatisfied
271,22716,83895,Male,Loyal Customer,31,Business travel,Business,1450,1,1,1,1,5,5,5,5,4,2,4,5,4,5,3,5.0,satisfied
272,21590,2138,Female,Loyal Customer,13,Personal Travel,Eco,431,2,4,3,2,1,3,1,1,5,2,5,5,5,1,2,2.0,neutral or dissatisfied
273,23590,66920,Female,Loyal Customer,35,Business travel,Business,964,3,3,3,3,2,4,4,5,5,5,5,4,5,3,0,0.0,satisfied
274,19372,51498,Female,Loyal Customer,21,Personal Travel,Business,370,2,3,5,4,5,5,5,5,3,2,5,2,4,5,0,0.0,neutral or dissatisfied
275,2975,74015,Male,Loyal Customer,23,Business travel,Business,1471,2,2,2,2,2,2,2,2,4,3,3,2,3,2,0,0.0,neutral or dissatisfied
276,16482,51686,Female,Loyal Customer,30,Business travel,Business,1736,3,4,4,4,3,3,3,3,1,4,3,1,4,3,0,0.0,neutral or dissatisfied
277,4206,88484,Male,disloyal Customer,21,Business travel,Eco,115,3,0,3,2,3,3,2,3,2,1,2,1,5,3,0,0.0,neutral or dissatisfied
278,1461,1415,Male,Loyal Customer,28,Personal Travel,Eco Plus,164,1,1,1,3,1,1,1,1,1,2,3,4,3,1,0,0.0,neutral or dissatisfied
279,15916,80339,Male,Loyal Customer,51,Personal Travel,Business,952,2,2,2,4,3,3,4,4,4,2,4,2,4,4,0,0.0,neutral or dissatisfied
280,16031,61018,Female,disloyal Customer,17,Business travel,Eco,3365,3,3,3,4,3,4,4,2,4,4,4,4,3,4,0,0.0,neutral or dissatisfied
281,21799,35949,Male,Loyal Customer,38,Business travel,Business,2185,2,2,2,2,3,3,3,4,4,4,4,4,4,3,0,21.0,satisfied
282,11774,69245,Male,Loyal Customer,40,Business travel,Business,733,3,3,3,3,3,5,4,5,5,5,5,5,5,5,0,25.0,satisfied
283,6646,88766,Female,Loyal Customer,60,Business travel,Business,515,2,2,2,2,5,5,5,5,5,5,5,3,5,3,0,0.0,satisfied
284,18587,92133,Female,Loyal Customer,13,Personal Travel,Eco,1535,2,5,3,1,2,3,2,2,4,4,4,3,4,2,0,0.0,neutral or dissatisfied
285,1955,67178,Female,Loyal Customer,13,Personal Travel,Eco,1017,4,4,4,3,4,4,4,4,1,5,3,3,3,4,0,0.0,neutral or dissatisfied
286,22580,128355,Male,disloyal Customer,25,Business travel,Business,338,3,0,3,5,2,3,2,2,3,3,4,3,4,2,0,0.0,neutral or dissatisfied
287,21699,119363,Female,Loyal Customer,37,Business travel,Business,1869,3,5,5,5,2,4,4,3,3,2,3,3,3,4,0,0.0,neutral or dissatisfied
288,4215,11954,Female,Loyal Customer,69,Personal Travel,Eco,781,2,5,2,4,3,4,5,4,4,2,4,4,4,4,0,0.0,neutral or dissatisfied
289,10595,110685,Female,Loyal Customer,67,Personal Travel,Eco,945,4,2,4,3,1,2,2,4,4,4,4,4,4,4,0,2.0,satisfied
290,22638,13471,Male,Loyal Customer,31,Business travel,Eco Plus,409,0,0,0,1,5,0,5,5,5,4,1,1,5,5,7,10.0,satisfied
291,15424,5627,Male,Loyal Customer,43,Personal Travel,Eco,624,3,1,4,3,5,4,2,5,1,1,3,2,3,5,0,0.0,neutral or dissatisfied
292,4907,124637,Female,disloyal Customer,25,Business travel,Eco Plus,1671,4,2,4,3,4,4,3,4,4,3,2,4,4,4,0,9.0,neutral or dissatisfied
293,8677,66026,Female,Loyal Customer,16,Business travel,Business,1345,4,4,4,4,5,5,5,5,4,3,4,4,4,5,11,0.0,satisfied
294,24472,74992,Female,Loyal Customer,69,Personal Travel,Eco Plus,2475,3,2,3,4,2,4,4,3,3,3,3,3,3,3,0,0.0,neutral or dissatisfied
295,501,10735,Male,Loyal Customer,74,Business travel,Eco,134,2,5,5,5,2,2,2,2,4,2,3,2,2,2,43,41.0,neutral or dissatisfied
296,25242,24855,Male,Loyal Customer,49,Business travel,Eco Plus,991,5,4,4,4,5,5,5,5,1,4,4,4,4,5,0,0.0,satisfied
297,779,117757,Male,Loyal Customer,21,Business travel,Business,1670,3,2,2,2,3,3,3,3,1,1,3,2,4,3,125,128.0,neutral or dissatisfied
298,22704,60949,Female,Loyal Customer,50,Business travel,Business,1899,1,1,1,1,2,4,5,4,4,4,4,3,4,3,2,0.0,satisfied
299,23615,55573,Male,Loyal Customer,47,Business travel,Business,1091,4,4,4,4,5,4,5,4,4,4,4,3,4,3,0,0.0,satisfied
300,17417,126504,Female,Loyal Customer,7,Personal Travel,Eco,1972,1,3,1,4,2,1,2,2,4,2,5,3,4,2,9,10.0,neutral or dissatisfied
301,24283,106733,Male,Loyal Customer,53,Business travel,Business,2869,4,4,4,4,5,5,5,3,3,3,3,3,3,4,14,0.0,satisfied
302,19416,57111,Female,Loyal Customer,45,Business travel,Eco,1222,2,2,4,4,1,4,3,3,3,2,3,1,3,2,9,0.0,neutral or dissatisfied
303,11857,87123,Male,Loyal Customer,22,Personal Travel,Eco,594,2,5,2,2,5,2,5,5,2,1,3,2,5,5,0,0.0,neutral or dissatisfied
304,25784,14256,Female,Loyal Customer,47,Business travel,Business,395,3,5,5,5,4,4,3,3,3,3,3,3,3,1,0,0.0,neutral or dissatisfied
305,20543,42631,Male,Loyal Customer,33,Business travel,Business,481,2,2,2,2,5,5,5,5,3,1,5,4,4,5,0,0.0,satisfied
306,315,51744,Female,Loyal Customer,64,Personal Travel,Eco,651,4,5,4,4,2,4,4,2,2,4,2,3,2,5,0,0.0,neutral or dissatisfied
307,10901,89544,Female,Loyal Customer,58,Business travel,Business,1515,2,2,2,2,2,4,5,4,4,4,4,3,4,4,32,14.0,satisfied
308,1355,90907,Female,Loyal Customer,29,Business travel,Business,3897,3,4,4,4,3,3,3,3,3,2,3,2,4,3,0,12.0,neutral or dissatisfied
309,13322,40946,Male,Loyal Customer,28,Personal Travel,Eco Plus,574,4,5,4,4,4,4,4,4,3,2,5,4,5,4,70,50.0,neutral or dissatisfied
310,20674,59111,Male,Loyal Customer,44,Personal Travel,Eco,1726,1,4,1,1,1,1,1,1,5,3,4,5,3,1,26,21.0,neutral or dissatisfied
311,5968,101751,Female,Loyal Customer,48,Business travel,Business,1590,2,2,2,2,3,3,4,3,3,3,3,4,3,4,0,0.0,satisfied
312,5603,125455,Female,Loyal Customer,41,Business travel,Business,2917,3,3,4,3,2,4,5,5,5,5,5,4,5,4,5,0.0,satisfied
313,21739,46611,Male,disloyal Customer,21,Business travel,Eco,212,4,1,4,4,3,4,3,3,3,4,3,4,3,3,80,71.0,neutral or dissatisfied
314,13276,38133,Female,disloyal Customer,37,Business travel,Eco,797,4,4,4,1,1,4,1,1,1,2,3,2,4,1,0,0.0,neutral or dissatisfied
315,19052,114128,Male,Loyal Customer,53,Business travel,Business,853,4,4,4,4,4,5,4,5,5,5,5,3,5,3,0,0.0,satisfied
316,18278,5677,Female,Loyal Customer,35,Business travel,Business,3805,3,3,3,3,4,5,5,3,3,4,4,4,3,3,0,0.0,satisfied
317,9732,29667,Male,Loyal Customer,29,Personal Travel,Eco,1448,2,3,2,1,1,2,1,1,1,3,1,1,4,1,0,0.0,neutral or dissatisfied
318,8706,66518,Male,Loyal Customer,57,Personal Travel,Eco,447,2,4,2,3,4,2,4,4,5,4,4,4,4,4,0,0.0,neutral or dissatisfied
319,21113,87291,Female,Loyal Customer,22,Personal Travel,Eco,577,5,5,5,3,1,5,1,1,4,2,5,3,4,1,0,0.0,satisfied
320,25579,14061,Male,Loyal Customer,60,Business travel,Business,319,3,3,3,3,4,1,1,5,5,5,5,5,5,1,0,0.0,satisfied
321,21392,8879,Male,Loyal Customer,46,Business travel,Eco,139,3,5,5,5,4,3,4,4,1,5,4,2,3,4,41,44.0,neutral or dissatisfied
322,7120,56509,Male,Loyal Customer,44,Business travel,Business,2880,3,3,3,3,2,4,5,5,5,5,5,4,5,5,0,0.0,satisfied
323,18108,34760,Male,Loyal Customer,60,Business travel,Eco,301,3,4,4,4,3,3,3,3,1,3,3,4,4,3,10,17.0,neutral or dissatisfied
324,2678,42761,Male,disloyal Customer,29,Business travel,Eco,493,1,3,1,4,4,1,4,4,3,5,4,5,3,4,0,0.0,neutral or dissatisfied
325,9611,118441,Male,Loyal Customer,36,Business travel,Business,370,3,3,3,3,5,5,5,4,4,5,4,5,4,4,0,0.0,satisfied
326,15788,117185,Female,Loyal Customer,33,Personal Travel,Eco,304,1,5,1,1,3,1,3,3,4,2,5,4,5,3,0,1.0,neutral or dissatisfied
327,22551,2783,Female,Loyal Customer,52,Business travel,Business,1718,1,1,1,1,3,5,5,5,5,5,5,4,5,3,40,34.0,satisfied
328,7781,68667,Male,disloyal Customer,24,Business travel,Eco,175,2,3,2,2,4,2,4,4,3,4,2,3,3,4,0,0.0,neutral or dissatisfied
329,344,15218,Female,Loyal Customer,39,Business travel,Business,3601,2,2,2,2,4,5,2,4,4,4,4,1,4,3,0,0.0,satisfied
330,6602,38194,Male,Loyal Customer,67,Personal Travel,Eco,1249,1,4,1,3,3,1,3,3,5,3,4,4,5,3,10,3.0,neutral or dissatisfied
331,8660,47481,Male,Loyal Customer,37,Personal Travel,Eco,590,2,5,2,3,2,2,2,2,5,4,4,5,5,2,0,0.0,neutral or dissatisfied
332,798,9685,Male,disloyal Customer,22,Business travel,Eco,212,1,4,1,4,5,1,5,5,4,1,4,4,4,5,9,11.0,neutral or dissatisfied
333,23397,67898,Male,Loyal Customer,16,Personal Travel,Eco,1235,2,4,1,1,3,1,3,3,4,5,3,1,3,3,0,0.0,neutral or dissatisfied
334,1785,2220,Male,Loyal Customer,39,Business travel,Business,3098,1,1,1,1,2,5,4,4,4,5,4,4,4,5,0,0.0,satisfied
335,3284,48214,Female,Loyal Customer,60,Personal Travel,Eco,391,5,3,5,3,5,3,3,1,1,5,1,2,1,1,0,5.0,satisfied
336,8453,21834,Female,Loyal Customer,33,Personal Travel,Eco,640,2,5,2,4,2,2,1,2,3,4,4,5,5,2,100,87.0,neutral or dissatisfied
337,14108,47445,Male,disloyal Customer,38,Business travel,Eco,199,2,2,2,4,1,2,1,1,4,2,3,2,4,1,116,98.0,neutral or dissatisfied
338,25137,54420,Male,Loyal Customer,11,Personal Travel,Eco,305,2,5,2,2,2,2,2,2,3,4,5,3,5,2,9,1.0,neutral or dissatisfied
339,24672,103365,Male,Loyal Customer,45,Business travel,Eco,342,1,2,2,2,1,1,1,1,1,5,3,1,4,1,2,0.0,neutral or dissatisfied
340,15531,33476,Male,Loyal Customer,44,Business travel,Business,2422,5,5,3,5,1,5,3,4,4,5,4,4,4,1,6,0.0,satisfied
341,13776,66114,Male,Loyal Customer,41,Business travel,Business,2228,3,3,3,3,5,5,5,4,4,4,4,5,4,4,13,21.0,satisfied
342,25343,61823,Male,Loyal Customer,20,Personal Travel,Eco,1334,3,5,3,3,4,3,4,4,4,2,5,3,4,4,0,0.0,neutral or dissatisfied
343,15804,31717,Male,Loyal Customer,54,Personal Travel,Eco,862,3,5,3,2,2,3,2,2,3,3,4,3,4,2,0,0.0,neutral or dissatisfied
344,23236,8557,Male,Loyal Customer,48,Business travel,Business,308,5,5,5,5,4,4,4,5,5,5,5,4,5,5,48,37.0,satisfied
345,24749,60044,Female,disloyal Customer,26,Business travel,Business,937,4,4,4,2,3,4,3,3,3,2,4,4,4,3,0,0.0,satisfied
346,1828,10037,Male,Loyal Customer,61,Personal Travel,Eco,630,4,5,4,4,3,4,3,3,4,2,4,5,4,3,40,45.0,neutral or dissatisfied
347,1058,98299,Female,Loyal Customer,11,Personal Travel,Eco,1072,3,2,4,3,1,4,1,1,2,3,3,2,4,1,0,0.0,neutral or dissatisfied
348,8280,51266,Female,Loyal Customer,46,Business travel,Eco Plus,372,3,2,2,2,4,4,3,3,3,3,3,2,3,4,0,0.0,neutral or dissatisfied
349,6212,24676,Female,disloyal Customer,26,Business travel,Eco,761,3,3,3,3,5,3,1,5,3,1,3,1,3,5,50,69.0,neutral or dissatisfied
350,24456,89258,Female,Loyal Customer,55,Business travel,Business,453,3,3,3,3,5,5,5,5,5,5,5,3,5,3,17,8.0,satisfied
351,2187,64280,Female,Loyal Customer,44,Business travel,Business,3856,3,3,2,3,3,5,4,4,4,4,4,3,4,4,0,0.0,satisfied
352,19407,24636,Male,Loyal Customer,52,Personal Travel,Eco,666,2,1,2,3,5,2,5,5,1,2,4,2,3,5,2,0.0,neutral or dissatisfied
353,23847,12273,Female,disloyal Customer,49,Business travel,Eco,190,3,0,3,2,4,3,2,4,3,2,2,4,2,4,84,89.0,neutral or dissatisfied
354,5298,19243,Male,Loyal Customer,48,Personal Travel,Eco,782,4,5,4,3,5,4,5,5,4,5,5,4,4,5,0,0.0,satisfied
355,11419,91928,Female,Loyal Customer,60,Business travel,Business,2586,4,4,4,4,5,4,4,4,4,4,4,3,4,4,0,0.0,satisfied
356,17928,101047,Female,Loyal Customer,46,Business travel,Business,368,3,3,3,3,2,5,5,5,5,5,5,5,5,5,18,5.0,satisfied
357,13707,1241,Male,Loyal Customer,16,Personal Travel,Eco,102,5,4,5,4,5,5,5,5,5,4,5,5,4,5,4,0.0,satisfied
358,17980,65630,Male,Loyal Customer,55,Personal Travel,Eco,237,2,5,2,1,5,2,5,5,5,4,4,3,5,5,1,0.0,neutral or dissatisfied
359,9476,113617,Male,Loyal Customer,48,Personal Travel,Eco,258,3,3,3,2,3,3,3,3,1,3,3,4,2,3,0,0.0,neutral or dissatisfied
360,25205,27195,Male,Loyal Customer,48,Business travel,Business,2182,2,2,2,2,1,4,4,4,4,4,4,4,4,4,0,0.0,satisfied
361,3838,111080,Female,Loyal Customer,57,Personal Travel,Eco,197,3,4,3,3,5,5,5,5,5,3,5,4,5,4,26,15.0,neutral or dissatisfied
362,14040,63104,Female,disloyal Customer,15,Business travel,Eco,909,2,2,2,3,4,2,2,4,1,3,3,3,3,4,0,0.0,neutral or dissatisfied
363,6414,43875,Female,Loyal Customer,31,Business travel,Business,199,3,3,3,3,5,5,5,5,1,2,5,1,4,5,0,0.0,satisfied
364,4521,110774,Male,Loyal Customer,56,Business travel,Business,1166,4,4,4,4,2,4,4,4,4,4,4,3,4,5,5,1.0,satisfied
365,17707,2491,Female,Loyal Customer,39,Business travel,Eco,1379,2,2,2,2,2,2,2,2,4,2,4,1,4,2,39,35.0,neutral or dissatisfied
366,11811,55288,Female,Loyal Customer,59,Business travel,Eco,1585,4,2,5,2,3,4,3,4,4,4,4,3,4,2,0,0.0,satisfied
367,1017,111883,Male,Loyal Customer,72,Business travel,Business,3712,4,4,4,4,5,3,4,4,4,3,4,1,4,4,0,0.0,neutral or dissatisfied
368,5805,36806,Female,Loyal Customer,58,Personal Travel,Eco Plus,2611,2,1,2,4,2,3,3,2,5,3,3,3,1,3,0,0.0,neutral or dissatisfied
369,9475,76083,Female,Loyal Customer,62,Business travel,Eco,269,5,1,1,1,4,5,1,5,5,5,5,2,5,3,0,0.0,satisfied
370,25679,112373,Female,Loyal Customer,43,Business travel,Business,3899,2,2,2,2,2,4,5,4,4,4,4,5,4,4,9,3.0,satisfied
371,7117,41345,Male,disloyal Customer,48,Business travel,Business,956,3,3,3,3,5,3,5,5,2,4,3,2,4,5,89,102.0,neutral or dissatisfied
372,16656,82590,Male,Loyal Customer,60,Business travel,Business,2315,1,1,1,1,2,5,5,4,4,4,4,4,4,5,26,23.0,satisfied
373,4827,21396,Female,disloyal Customer,23,Business travel,Eco,164,0,3,0,2,5,0,5,5,5,3,2,4,2,5,0,0.0,satisfied
374,6761,32527,Female,Loyal Customer,39,Business travel,Business,3062,1,2,2,2,2,3,3,1,1,1,1,4,1,3,0,1.0,neutral or dissatisfied
375,5867,129334,Male,Loyal Customer,37,Business travel,Business,2475,1,1,1,1,5,4,4,5,5,5,5,5,5,3,0,0.0,satisfied
376,5392,121400,Female,disloyal Customer,36,Business travel,Business,331,2,2,2,1,3,2,3,3,5,3,4,3,5,3,0,0.0,neutral or dissatisfied
377,6643,47850,Female,disloyal Customer,22,Business travel,Eco,329,3,0,3,3,5,3,5,5,3,5,4,3,4,5,38,42.0,neutral or dissatisfied
378,22684,96769,Female,Loyal Customer,52,Business travel,Business,3249,3,3,3,3,5,4,5,5,5,5,5,3,5,5,0,0.0,satisfied
379,8673,112985,Male,disloyal Customer,39,Business travel,Business,1751,1,1,1,3,4,1,4,4,5,3,5,4,4,4,7,11.0,neutral or dissatisfied
380,22516,101210,Male,Loyal Customer,65,Personal Travel,Eco,1235,1,5,1,2,2,1,2,2,5,4,4,5,4,2,7,0.0,neutral or dissatisfied
381,13619,104613,Male,Loyal Customer,54,Personal Travel,Eco Plus,369,2,3,2,3,2,2,2,2,2,5,4,4,3,2,6,8.0,neutral or dissatisfied
382,1180,57805,Female,disloyal Customer,44,Business travel,Eco,1235,3,3,3,4,1,3,1,1,3,2,4,3,4,1,0,0.0,neutral or dissatisfied
383,6141,114571,Female,Loyal Customer,14,Personal Travel,Business,373,3,1,0,3,2,0,5,2,3,1,4,2,3,2,0,0.0,neutral or dissatisfied
384,13878,117383,Male,Loyal Customer,13,Personal Travel,Eco Plus,1294,4,2,4,2,4,4,4,4,1,2,2,2,3,4,0,0.0,neutral or dissatisfied
385,18450,109189,Female,disloyal Customer,29,Business travel,Eco,612,2,1,2,4,4,2,4,4,4,3,3,1,3,4,21,26.0,neutral or dissatisfied
386,24543,128454,Male,Loyal Customer,13,Personal Travel,Eco,370,3,5,3,3,3,3,3,3,4,2,5,3,4,3,0,0.0,neutral or dissatisfied
387,8511,95450,Female,disloyal Customer,26,Business travel,Eco Plus,458,2,2,2,4,3,2,3,3,4,1,3,3,3,3,41,48.0,neutral or dissatisfied
388,4229,29357,Female,Loyal Customer,54,Business travel,Eco,2409,5,4,4,4,5,5,4,5,5,5,5,4,5,5,23,21.0,satisfied
389,11106,91287,Male,Loyal Customer,35,Business travel,Business,2976,3,3,3,3,4,4,4,3,3,4,3,5,3,5,0,0.0,satisfied
390,24576,112368,Female,Loyal Customer,32,Business travel,Business,3122,5,5,5,5,4,4,4,4,3,3,5,5,5,4,7,11.0,satisfied
391,15764,101634,Female,disloyal Customer,29,Business travel,Business,1371,0,1,1,3,4,1,4,4,5,5,4,5,4,4,9,0.0,satisfied
392,9018,21563,Female,Loyal Customer,59,Business travel,Eco Plus,164,5,4,4,4,5,2,3,4,4,5,4,3,4,5,0,0.0,satisfied
393,12431,85550,Female,Loyal Customer,46,Business travel,Business,2022,3,3,3,3,4,5,5,5,5,5,5,3,5,3,0,0.0,satisfied
394,1267,12680,Male,Loyal Customer,45,Business travel,Eco,803,4,3,4,4,4,4,4,4,4,3,3,4,4,4,66,78.0,neutral or dissatisfied
395,25670,111498,Male,Loyal Customer,34,Business travel,Business,2844,2,2,3,2,4,4,5,4,4,4,4,3,4,3,120,128.0,satisfied
396,24111,390,Male,Loyal Customer,58,Business travel,Business,3432,4,1,4,4,2,5,5,4,4,4,4,4,4,4,0,0.0,satisfied
397,21500,90252,Male,Loyal Customer,57,Business travel,Business,3005,2,2,2,2,5,5,4,5,5,5,5,5,5,5,6,1.0,satisfied
398,3429,128190,Female,Loyal Customer,23,Personal Travel,Eco Plus,1849,5,4,5,4,2,4,2,2,1,3,5,5,5,2,0,19.0,satisfied
399,1650,108934,Male,Loyal Customer,33,Personal Travel,Eco,1183,2,5,1,3,4,1,4,4,4,4,3,4,4,4,0,0.0,neutral or dissatisfied
400,23176,89074,Male,disloyal Customer,22,Business travel,Business,1118,5,4,5,5,4,5,4,4,5,3,3,3,4,4,0,0.0,satisfied
401,4887,93814,Female,Loyal Customer,49,Business travel,Business,391,4,4,4,4,2,5,5,4,4,4,4,5,4,4,62,84.0,satisfied
402,20886,80135,Male,Loyal Customer,54,Business travel,Business,2446,3,3,4,3,3,4,5,4,4,4,4,4,4,5,18,0.0,satisfied
403,5380,34306,Female,Loyal Customer,37,Personal Travel,Eco,280,2,4,2,3,3,2,3,3,4,1,4,3,4,3,0,0.0,neutral or dissatisfied
404,16942,14876,Female,disloyal Customer,27,Business travel,Eco,343,3,4,3,4,3,3,4,3,3,2,4,1,3,3,0,2.0,neutral or dissatisfied
405,18415,65594,Male,disloyal Customer,22,Business travel,Eco,175,4,1,5,2,5,5,5,5,4,4,3,2,3,5,0,0.0,neutral or dissatisfied
406,15690,93835,Male,disloyal Customer,24,Business travel,Eco,391,2,5,2,4,4,2,4,4,1,4,2,2,3,4,19,51.0,neutral or dissatisfied
407,6016,3857,Female,Loyal Customer,11,Personal Travel,Eco Plus,650,2,1,2,2,3,2,3,3,4,1,2,4,1,3,0,0.0,neutral or dissatisfied
408,13278,52156,Male,Loyal Customer,44,Business travel,Business,509,1,1,3,1,2,2,4,5,5,5,5,2,5,3,0,0.0,satisfied
409,14947,78704,Female,Loyal Customer,59,Business travel,Business,1656,1,2,2,2,1,3,3,1,1,1,1,3,1,2,3,6.0,neutral or dissatisfied
410,23147,47200,Female,disloyal Customer,16,Business travel,Eco,620,2,2,2,4,3,2,2,3,4,1,3,4,3,3,0,0.0,neutral or dissatisfied
411,19837,70903,Female,Loyal Customer,41,Business travel,Eco,1721,4,5,5,5,4,4,4,4,1,2,3,4,4,4,0,0.0,neutral or dissatisfied
412,5016,9606,Male,Loyal Customer,69,Personal Travel,Eco,228,3,4,3,5,2,3,2,2,4,4,4,4,4,2,5,5.0,neutral or dissatisfied
413,13888,17237,Female,disloyal Customer,57,Business travel,Eco,872,3,3,3,3,4,3,5,4,1,1,3,1,2,4,0,0.0,neutral or dissatisfied
414,17655,6549,Female,disloyal Customer,27,Business travel,Business,473,4,4,4,3,1,4,1,1,4,2,4,3,5,1,62,60.0,satisfied
415,18562,56716,Female,Loyal Customer,65,Personal Travel,Eco,937,2,1,2,3,2,4,3,2,2,2,2,1,2,3,0,0.0,neutral or dissatisfied
416,3357,14968,Male,Loyal Customer,38,Business travel,Eco,1020,4,2,2,2,4,4,4,4,5,2,4,5,5,4,0,4.0,satisfied
417,13727,24724,Female,disloyal Customer,25,Business travel,Eco,406,3,0,3,1,3,3,2,3,3,1,2,1,5,3,0,5.0,neutral or dissatisfied
418,16703,70893,Male,Loyal Customer,29,Business travel,Business,1721,4,4,4,4,3,3,3,3,3,3,5,4,5,3,0,0.0,satisfied
419,15593,106171,Male,Loyal Customer,15,Personal Travel,Eco,436,1,4,1,3,1,1,1,1,4,5,5,4,4,1,57,62.0,neutral or dissatisfied
420,14905,9162,Male,Loyal Customer,35,Business travel,Eco,946,3,5,5,5,3,3,3,3,1,2,4,3,4,3,0,0.0,neutral or dissatisfied
421,16303,69670,Female,Loyal Customer,53,Personal Travel,Eco,569,2,4,2,2,3,5,2,2,2,2,2,2,2,1,19,9.0,neutral or dissatisfied
422,11712,106857,Female,Loyal Customer,57,Personal Travel,Business,577,2,2,2,3,1,4,4,4,4,2,4,1,4,1,4,13.0,neutral or dissatisfied
423,8206,85189,Male,Loyal Customer,52,Business travel,Business,2251,4,4,4,4,4,4,4,5,5,5,5,3,5,5,0,3.0,satisfied
424,20330,44892,Male,disloyal Customer,66,Business travel,Eco,536,1,4,1,4,1,1,1,1,4,3,5,5,3,1,0,0.0,neutral or dissatisfied
425,23105,814,Male,Loyal Customer,30,Business travel,Business,309,2,3,3,3,2,2,2,2,3,5,3,4,4,2,0,0.0,neutral or dissatisfied
426,8436,23538,Male,Loyal Customer,53,Personal Travel,Eco,423,5,2,5,3,4,5,4,4,1,5,3,1,4,4,2,1.0,satisfied
427,2258,111662,Male,Loyal Customer,13,Business travel,Business,1864,4,4,4,4,5,5,5,5,4,4,4,4,5,5,10,18.0,satisfied
428,805,96106,Male,Loyal Customer,66,Personal Travel,Eco,1235,0,5,0,4,4,0,4,4,5,5,3,4,5,4,0,0.0,satisfied
429,18839,40453,Female,Loyal Customer,39,Business travel,Business,175,1,1,5,1,4,1,3,5,5,5,5,4,5,3,0,0.0,satisfied
430,13937,82400,Male,disloyal Customer,25,Business travel,Business,500,4,4,4,4,1,4,1,1,3,3,4,3,5,1,0,0.0,satisfied
431,9587,67663,Female,Loyal Customer,43,Business travel,Business,1242,3,3,1,3,2,4,5,4,4,4,4,5,4,4,0,0.0,satisfied
432,22951,46418,Female,Loyal Customer,50,Business travel,Business,649,3,4,4,4,5,4,4,3,3,3,3,2,3,4,0,0.0,neutral or dissatisfied
433,4730,99354,Female,Loyal Customer,59,Personal Travel,Eco,1771,3,4,3,3,2,4,3,4,4,3,4,4,4,1,9,0.0,neutral or dissatisfied
434,23479,81405,Female,disloyal Customer,19,Business travel,Eco,393,1,4,1,1,4,1,4,4,5,3,5,4,4,4,0,0.0,neutral or dissatisfied
435,10364,85647,Female,Loyal Customer,35,Business travel,Eco Plus,259,1,4,3,4,1,1,1,1,4,3,3,4,3,1,9,8.0,neutral or dissatisfied
436,19763,26991,Male,Loyal Customer,45,Business travel,Eco,867,1,3,3,3,1,1,1,1,1,3,4,1,4,1,0,0.0,neutral or dissatisfied
437,18773,82865,Female,disloyal Customer,25,Business travel,Business,594,4,4,4,2,3,4,3,3,4,5,4,5,4,3,1,1.0,satisfied
438,24612,24713,Female,Loyal Customer,38,Business travel,Eco,549,3,3,3,3,3,4,3,3,5,4,5,4,5,3,0,0.0,satisfied
439,3143,51062,Female,Loyal Customer,66,Personal Travel,Eco,109,2,4,2,1,3,2,3,3,3,2,3,3,3,5,0,0.0,neutral or dissatisfied
440,16292,100793,Female,Loyal Customer,53,Business travel,Business,2729,3,3,3,3,4,5,4,4,4,4,4,5,4,4,0,0.0,satisfied
441,17860,72159,Female,Loyal Customer,48,Personal Travel,Eco,731,4,3,4,3,3,3,2,5,5,4,5,3,5,3,1,0.0,neutral or dissatisfied
442,14705,69960,Female,Loyal Customer,29,Personal Travel,Eco,2174,1,2,1,4,5,1,2,5,3,3,2,4,4,5,2,0.0,neutral or dissatisfied
443,16457,97218,Female,Loyal Customer,48,Business travel,Business,3361,3,3,3,3,3,4,5,2,2,2,2,4,2,4,0,0.0,satisfied
444,10487,94863,Male,Loyal Customer,33,Business travel,Business,441,1,5,1,1,4,4,4,4,3,4,5,4,5,4,0,2.0,satisfied
445,7693,20902,Male,Loyal Customer,51,Business travel,Business,3345,2,2,3,2,4,4,4,3,3,4,3,3,3,3,22,0.0,satisfied
446,7165,1336,Female,disloyal Customer,23,Business travel,Eco,134,3,4,3,3,1,3,1,1,4,4,5,3,4,1,0,1.0,neutral or dissatisfied
447,6117,96366,Male,disloyal Customer,24,Business travel,Eco,1246,1,1,1,3,4,1,4,4,4,4,5,4,5,4,81,74.0,neutral or dissatisfied
448,10354,111247,Male,disloyal Customer,28,Business travel,Business,1849,1,1,1,3,2,1,2,2,4,3,3,5,4,2,13,9.0,neutral or dissatisfied
449,18585,126931,Female,Loyal Customer,42,Business travel,Business,2052,1,1,1,1,3,4,5,5,5,5,5,4,5,5,0,0.0,satisfied
450,25350,50955,Male,Loyal Customer,27,Personal Travel,Eco,337,2,2,2,3,1,2,1,1,3,1,4,2,3,1,0,3.0,neutral or dissatisfied
451,22751,115742,Male,Loyal Customer,44,Business travel,Business,1736,1,1,4,1,5,5,5,5,5,5,5,4,5,5,0,0.0,satisfied
452,8499,93233,Male,disloyal Customer,21,Business travel,Business,1694,5,0,5,4,2,5,2,2,3,3,5,3,4,2,0,0.0,satisfied
453,14333,121019,Female,Loyal Customer,23,Personal Travel,Eco,993,3,4,3,1,4,3,3,4,4,5,4,3,4,4,13,0.0,neutral or dissatisfied
454,13071,57663,Female,Loyal Customer,45,Personal Travel,Eco,200,3,4,3,3,3,2,4,3,1,2,1,4,3,4,590,608.0,neutral or dissatisfied
455,25706,42648,Male,Loyal Customer,17,Personal Travel,Eco,546,1,3,3,1,4,3,4,4,3,1,3,3,5,4,0,0.0,neutral or dissatisfied
456,16879,118061,Female,Loyal Customer,50,Business travel,Eco,862,5,2,2,2,5,5,5,1,1,1,5,5,1,5,124,134.0,satisfied
457,24948,24977,Male,Loyal Customer,45,Business travel,Eco,484,5,2,2,2,5,5,5,5,1,3,5,3,1,5,0,0.0,satisfied
458,2195,112342,Female,disloyal Customer,27,Business travel,Business,850,3,3,3,2,1,3,1,1,3,2,5,3,4,1,0,2.0,neutral or dissatisfied
459,18716,79820,Female,Loyal Customer,54,Business travel,Business,2576,2,2,2,2,3,4,5,4,4,4,4,4,4,5,0,0.0,satisfied
460,23863,107773,Female,disloyal Customer,25,Business travel,Eco Plus,251,1,2,1,3,1,1,1,1,1,2,3,3,3,1,2,0.0,neutral or dissatisfied
461,10940,95058,Male,Loyal Customer,13,Personal Travel,Eco,239,3,5,0,3,3,0,3,3,5,2,4,3,4,3,1,0.0,neutral or dissatisfied
462,19880,47917,Female,Loyal Customer,18,Personal Travel,Eco,748,3,5,3,1,3,3,3,3,4,2,4,3,5,3,0,0.0,neutral or dissatisfied
463,11893,9656,Male,disloyal Customer,25,Business travel,Business,277,2,4,3,4,3,3,1,3,1,4,3,2,4,3,0,0.0,neutral or dissatisfied
464,18048,20660,Female,Loyal Customer,51,Business travel,Eco,522,4,1,1,1,4,4,4,3,5,5,3,4,1,4,218,210.0,satisfied
465,16418,25002,Female,Loyal Customer,13,Personal Travel,Eco,692,3,5,3,2,2,3,2,2,4,2,4,4,5,2,0,0.0,neutral or dissatisfied
466,23746,61438,Male,Loyal Customer,43,Business travel,Business,2288,2,2,2,2,2,5,4,3,3,4,3,5,3,3,1,0.0,satisfied
467,665,43842,Male,disloyal Customer,27,Business travel,Eco,174,3,5,3,4,4,3,4,4,1,2,3,2,1,4,0,0.0,neutral or dissatisfied
468,17343,7653,Female,Loyal Customer,20,Business travel,Business,604,5,5,5,5,4,5,4,4,5,3,5,3,5,4,0,0.0,satisfied
469,17724,91085,Male,Loyal Customer,38,Personal Travel,Eco,271,2,2,2,3,5,2,5,5,3,3,3,1,3,5,17,11.0,neutral or dissatisfied
470,25691,48791,Female,disloyal Customer,37,Business travel,Business,421,3,3,3,4,4,3,5,4,4,3,3,1,4,4,3,17.0,neutral or dissatisfied
471,9110,110021,Female,Loyal Customer,66,Personal Travel,Eco,1204,4,1,4,3,3,4,3,4,4,4,4,4,4,3,56,38.0,neutral or dissatisfied
472,9222,30793,Female,disloyal Customer,24,Business travel,Eco Plus,895,2,1,2,4,2,2,2,2,4,3,3,1,3,2,95,90.0,neutral or dissatisfied
473,24555,58322,Male,disloyal Customer,34,Business travel,Eco,1170,1,1,1,4,2,1,2,2,4,3,4,4,3,2,0,0.0,neutral or dissatisfied
474,21696,18390,Male,Loyal Customer,43,Business travel,Eco,378,4,5,5,5,4,4,4,4,1,2,2,2,4,4,0,0.0,satisfied
475,5003,26916,Female,Loyal Customer,35,Business travel,Business,1770,2,2,2,2,3,3,4,5,5,5,5,1,5,4,0,0.0,satisfied
476,19502,72988,Female,disloyal Customer,20,Business travel,Eco,1096,1,1,1,2,1,1,1,1,2,2,3,3,5,1,0,0.0,neutral or dissatisfied
477,24496,95014,Female,Loyal Customer,35,Personal Travel,Eco,239,0,4,0,3,1,0,1,1,3,5,4,3,4,1,2,0.0,satisfied
478,18050,15648,Female,Loyal Customer,62,Personal Travel,Eco Plus,296,3,4,3,2,2,4,5,2,2,3,2,4,2,3,0,0.0,neutral or dissatisfied
479,3473,64816,Female,disloyal Customer,20,Business travel,Eco,282,5,0,5,1,3,5,3,3,4,2,5,4,4,3,0,0.0,satisfied
480,6816,81596,Male,Loyal Customer,55,Business travel,Business,349,3,3,3,3,2,5,4,4,4,4,4,3,4,3,0,0.0,satisfied
481,10427,118946,Female,Loyal Customer,46,Business travel,Business,3388,4,4,4,4,4,4,5,4,4,4,4,3,4,4,129,117.0,satisfied
482,21208,43481,Female,disloyal Customer,20,Business travel,Eco,524,4,4,4,4,3,4,3,3,1,1,3,3,3,3,20,10.0,neutral or dissatisfied
483,2129,5418,Male,disloyal Customer,40,Business travel,Business,589,3,3,3,2,2,3,2,2,3,4,5,5,4,2,21,6.0,satisfied
484,4718,106021,Female,Loyal Customer,46,Business travel,Business,682,4,4,4,4,4,4,5,5,5,5,5,3,5,5,3,2.0,satisfied
485,4885,8032,Male,disloyal Customer,22,Business travel,Business,530,5,3,5,5,4,5,5,4,3,3,5,3,4,4,0,0.0,satisfied
486,3443,101904,Female,disloyal Customer,16,Business travel,Eco,2039,1,1,1,3,4,1,4,4,4,4,3,3,4,4,4,0.0,neutral or dissatisfied
487,12502,47724,Male,Loyal Customer,40,Business travel,Business,462,3,3,4,3,3,5,5,4,4,4,4,3,4,5,17,11.0,satisfied
488,24438,42893,Male,Loyal Customer,49,Business travel,Business,422,5,5,5,5,4,3,2,5,5,5,5,5,5,5,0,0.0,satisfied
489,2636,109196,Female,Loyal Customer,51,Business travel,Eco,616,2,1,1,1,5,4,4,2,2,2,2,4,2,1,104,94.0,neutral or dissatisfied
490,17789,9079,Male,Loyal Customer,64,Personal Travel,Eco,173,3,2,3,3,4,3,4,4,2,2,3,1,2,4,9,6.0,neutral or dissatisfied
491,23821,101683,Female,Loyal Customer,39,Business travel,Business,1500,4,4,4,4,5,5,4,5,5,5,5,5,5,3,1,0.0,satisfied
492,3778,58999,Female,Loyal Customer,40,Business travel,Business,1652,1,1,2,1,3,4,5,4,4,4,4,4,4,4,0,1.0,satisfied
493,2788,22950,Male,Loyal Customer,35,Business travel,Business,489,3,4,4,4,3,2,2,3,3,3,3,3,3,3,0,1.0,neutral or dissatisfied
494,18617,69353,Male,Loyal Customer,55,Business travel,Business,1089,2,2,2,2,3,4,4,5,5,5,5,3,5,3,0,4.0,satisfied
495,6038,38784,Male,disloyal Customer,25,Business travel,Business,354,4,0,4,2,5,4,5,5,4,1,3,4,1,5,0,0.0,satisfied
496,20684,84428,Male,Loyal Customer,69,Personal Travel,Eco,591,2,4,2,1,4,2,4,4,4,3,5,4,4,4,0,0.0,neutral or dissatisfied
497,9037,43637,Female,Loyal Customer,36,Business travel,Business,1676,4,4,4,4,3,4,5,5,5,5,5,4,5,3,0,5.0,satisfied
498,7736,40901,Female,Loyal Customer,19,Personal Travel,Eco,501,2,4,2,3,3,2,4,3,5,4,4,3,5,3,110,91.0,neutral or dissatisfied
499,5208,74952,Female,Loyal Customer,21,Business travel,Eco,2475,3,4,4,4,3,3,1,3,2,1,2,1,3,3,0,0.0,neutral or dissatisfied
